neurons,Error
256,32943.45703
256,256,32485.63672
256,256,256,35349.30469
512,33203.5
512,512,34518.61719
512,512,512,33149.37109
