neurons1,neurons2,neurons3,Error
256,0,0,32943.45703
256,256,0,32485.63672
256,256,256,35349.30469
512,0,0,33203.5
512,512,0,34518.61719
512,512,512,33149.37109
