neurons,Error
1,32943.45703
2,32485.63672
3,35349.30469
4,33203.5
5,34518.61719
6,33149.37109