filter,accuracy
12 12,0.977800012
24 24,0.989700019
"6,6",0.992200017
3 3,0.994700015