layer,accuracy
2,0.976300001
32,0.988099992
4,0.988200009
8,0.989166677
16,0.990166664
3264,0.992200017
64,0.992299974
64512,0.993700027
128,0.993900001
64128,0.994700015