stride,accuracy
"15,15",0.409299999
"10,10",0.587499976
"7,7",0.864300013
"5,5",0.966799974
"3,3",0.987900019